{
  "part-1": [15138.499, 10462.876999999997],
  "part-2": [25601.375999999997, 11360.968000000008],
  "part-3": [36962.344000000005, 12101.418999999994],
  "part-4": [49063.763, 11670.748],
  "part-5": [60734.511, 12244.771999999997],
  "part-6": [72979.283, 11261.422000000006],
  "part-7": [84240.705, 11526.700999999986],
  "part-8": [95767.40599999999, 12367.991000000009],
  "part-9": [108135.397, 12221.092999999993],
  "part-10": [120356.48999999999, 12353.896999999997],
  "part-11": [132710.387, 12201.852000000014],
  "part-12": [144912.239, 12652.864000000001],
  "part-13": [157565.103, 13082.853999999992],
  "part-14": [170647.957, 12797.526000000013],
  "part-15": [183445.483, 12683.160000000003],
  "part-16": [196128.643, 12339.920999999973]
}
